{"cameraMode":{"drawMode":0,"name":"Shaded","section":"Shading Mode"},"sceneLighting":false,"audioPlay":false,"sceneViewState":{"m_AlwaysRefresh":false,"showFog":true,"showSkybox":false,"showFlares":true,"showImageEffects":true,"showParticleSystems":true,"showVisualEffectGraphs":true,"m_FxEnabled":true},"in2DMode":false,"pivot":{"x":-2.059999942779541,"y":0.809999942779541,"z":0.36143821477890017},"rotation":{"x":0.17409643530845643,"y":-0.059540681540966037,"z":0.010546769015491009,"w":0.9828824996948242},"size":0.8660253882408142,"orthographic":false}